id,first_name,last_name,email,gender
1,Francklyn,Tillman,ftillman0@nba.com,Male
2,Shoshanna,Knoles,sknoles1@apache.org,Female
3,Percy,Raft,praft2@jiathis.com,Male
4,Rhett,Bulbrook,rbulbrook3@flickr.com,Male
5,Constancy,Merida,cmerida4@zdnet.com,Female
6,Christal,Smye,csmye5@apple.com,Genderqueer
7,Robbert,Climer,rclimer6@businessweek.com,Male
8,Kamillah,Benedick,kbenedick7@about.me,Female
9,Lorna,Humbell,lhumbell8@360.cn,Female
10,Cori,Ludgate,cludgate9@unc.edu,Female
11,Vanessa,Bimrose,vbimrosea@reuters.com,Female
12,Giovanna,Lowry,glowryb@apple.com,Female
13,Emile,Berling,eberlingc@sourceforge.net,Male
14,Maximilian,Longford,mlongfordd@nationalgeographic.com,Male
15,Farrel,Temporal,ftemporale@booking.com,Genderqueer
16,Hallsy,Bugdale,hbugdalef@ovh.net,Male
17,Raviv,Furnell,rfurnellg@amazon.com,Male
18,Johna,Jachimiak,jjachimiakh@ftc.gov,Female
19,Laverne,Dering,lderingi@icio.us,Non-binary
20,Olva,Sturgeon,osturgeonj@cnbc.com,Female
21,Leroy,Billows,lbillowsk@umich.edu,Bigender
22,Kerri,Harteley,kharteleyl@ning.com,Female
23,Lauren,Wearn,lwearnm@so-net.ne.jp,Male
24,Madel,Towlson,mtowlsonn@slate.com,Female
25,Georgie,Murrock,gmurrocko@salon.com,Female
26,Lorraine,Hunnam,lhunnamp@360.cn,Agender
27,Netti,Pryn,nprynq@nsw.gov.au,Female
28,Maryl,Botwright,mbotwrightr@barnesandnoble.com,Female
29,Weidar,Whereat,wwhereats@cornell.edu,Male
30,Andy,Rubinowicz,arubinowiczt@utexas.edu,Male
31,Bernarr,Wife,bwifeu@addtoany.com,Male
32,Madelle,Caldwell,mcaldwellv@netscape.com,Female
33,Bev,Huson,bhusonw@psu.edu,Female
34,Edmon,Woolaston,ewoolastonx@adobe.com,Male
35,Catie,Reston,crestony@mit.edu,Female
36,Addie,Wandrey,awandreyz@blogtalkradio.com,Male
37,Eamon,Vallis,evallis10@dailymail.co.uk,Male
38,Nadeen,Baulcombe,nbaulcombe11@typepad.com,Genderqueer
39,Katrina,Harsnep,kharsnep12@smugmug.com,Female
40,Augustina,Craven,acraven13@state.gov,Female
41,Ida,Pashby,ipashby14@soundcloud.com,Female
42,Jayson,Jinda,jjinda15@google.de,Polygender
43,Barbey,Vallance,bvallance16@independent.co.uk,Female
44,Piper,Lomis,plomis17@newsvine.com,Female
45,Asher,Enderson,aenderson18@businessinsider.com,Male
46,Julee,Molloy,jmolloy19@arstechnica.com,Female
47,Millicent,Leadston,mleadston1a@latimes.com,Female
48,Patrice,Thornton-Dewhirst,pthorntondewhirst1b@cargocollective.com,Bigender
49,Corry,Wigley,cwigley1c@nps.gov,Female
50,Clara,Dearness,cdearness1d@purevolume.com,Female
51,Gal,Regorz,gregorz1e@fc2.com,Male
52,Fleming,De Bischof,fdebischof1f@zdnet.com,Bigender
53,Leora,Mohammed,lmohammed1g@sciencedaily.com,Female
54,Bartholomeus,Moloney,bmoloney1h@netlog.com,Male
55,Rubetta,Minter,rminter1i@sbwire.com,Female
56,Barnaby,Jellico,bjellico1j@mtv.com,Male
57,Lucila,Tewkesberrie,ltewkesberrie1k@over-blog.com,Female
58,Keene,Huckstepp,khuckstepp1l@reuters.com,Male
59,Dena,Feasby,dfeasby1m@cdc.gov,Female
60,Aldin,Wardel,awardel1n@archive.org,Male
61,Eduardo,Granger,egranger1o@wisc.edu,Male
62,Catlee,Hinge,chinge1p@shutterfly.com,Genderqueer
63,Christin,Farron,cfarron1q@sun.com,Female
64,Brendon,Merton,bmerton1r@dagondesign.com,Bigender
65,Agustin,Sylvester,asylvester1s@ucsd.edu,Male
66,Raddie,Lantaff,rlantaff1t@slashdot.org,Male
67,Jay,Donner,jdonner1u@foxnews.com,Non-binary
68,Mortie,Chadburn,mchadburn1v@stumbleupon.com,Non-binary
69,Aldwin,Matkovic,amatkovic1w@slate.com,Male
70,Stephi,Sleeman,ssleeman1x@ucoz.com,Female
71,Loreen,Gilfillan,lgilfillan1y@blinklist.com,Female
72,Mic,Cradey,mcradey1z@yellowbook.com,Male
73,Jayson,Nurden,jnurden20@sitemeter.com,Bigender
74,Meta,Rickis,mrickis21@printfriendly.com,Female
75,Jules,McCoveney,jmccoveney22@a8.net,Male
76,Lolly,Hugnet,lhugnet23@discuz.net,Polygender
77,Kay,Gould,kgould24@si.edu,Female
78,Gaile,Hendrik,ghendrik25@networkadvertising.org,Male
79,Fremont,Degue,fdegue26@arstechnica.com,Agender
80,Geoff,Kebbell,gkebbell27@google.es,Male
81,Tobit,Pipping,tpipping28@canalblog.com,Male
82,Micky,Vahl,mvahl29@tamu.edu,Female
83,Stoddard,Westwick,swestwick2a@gnu.org,Female
84,Idalia,Whalley,iwhalley2b@spiegel.de,Female
85,Mickey,Swetenham,mswetenham2c@instagram.com,Male
86,Kikelia,Rothchild,krothchild2d@ameblo.jp,Female
87,Biddie,Skalls,bskalls2e@cafepress.com,Polygender
88,Bobbe,St. Pierre,bstpierre2f@slashdot.org,Female
89,Aubert,Tilmouth,atilmouth2g@unicef.org,Male
90,Cyrill,Noice,cnoice2h@bing.com,Polygender
91,Lina,Melchior,lmelchior2i@netvibes.com,Female
92,Sibylle,Jewster,sjewster2j@printfriendly.com,Female
93,Waldemar,Rioch,wrioch2k@prweb.com,Male
94,Sherlock,Ebbens,sebbens2l@mit.edu,Male
95,Atlanta,Dysart,adysart2m@squidoo.com,Female
96,Ignazio,Dainton,idainton2n@google.fr,Male
97,Leola,Blenkhorn,lblenkhorn2o@princeton.edu,Female
98,Kyle,Oakhill,koakhill2p@marriott.com,Female
99,Axe,Gladhill,agladhill2q@csmonitor.com,Male
100,Reuven,Kennerknecht,rkennerknecht2r@oakley.com,Genderqueer
101,Rogers,Semeradova,rsemeradova2s@spotify.com,Male
102,Jaine,D'Hooghe,jdhooghe2t@nature.com,Non-binary
103,Berkeley,Goodright,bgoodright2u@elegantthemes.com,Male
104,Vanya,Ingilson,vingilson2v@mit.edu,Male
105,Dorry,Clutten,dclutten2w@telegraph.co.uk,Female
106,Adolphe,Reisk,areisk2x@squarespace.com,Male
107,Shannah,Cochrane,scochrane2y@slideshare.net,Female
108,Sherwin,Loade,sloade2z@tripadvisor.com,Male
109,Aymer,Servis,aservis30@google.com.hk,Polygender
110,Zollie,Jahn,zjahn31@acquirethisname.com,Male
111,Gar,Loges,gloges32@barnesandnoble.com,Male
112,Valentine,Willeson,vwilleson33@foxnews.com,Male
113,Gery,Blyden,gblyden34@tripod.com,Bigender
114,Webster,Chong,wchong35@yellowbook.com,Male
115,Janek,Service,jservice36@linkedin.com,Male
116,Pascale,Ambroz,pambroz37@omniture.com,Male
117,Ezri,Frostick,efrostick38@topsy.com,Non-binary
118,Jammal,Ainger,jainger39@digg.com,Male
119,Darell,Yalden,dyalden3a@guardian.co.uk,Female
120,Dodi,Comben,dcomben3b@gov.uk,Female
121,Hadlee,Stollenhof,hstollenhof3c@storify.com,Male
122,Emmerich,Chinnick,echinnick3d@howstuffworks.com,Male
123,Shelby,Baldocci,sbaldocci3e@utexas.edu,Female
124,Stillman,Pontain,spontain3f@usa.gov,Male
125,Alfy,Stiegar,astiegar3g@google.com,Bigender
126,Elbertina,Brizell,ebrizell3h@alibaba.com,Female
127,Wilfrid,Vassay,wvassay3i@imageshack.us,Male
128,Salomon,Spowart,sspowart3j@wsj.com,Male
129,Theodor,Gallaway,tgallaway3k@usatoday.com,Male
130,Constantia,Casari,ccasari3l@google.it,Female
131,Carlye,Gething,cgething3m@behance.net,Female
132,Puff,Ledingham,pledingham3n@posterous.com,Male
133,Riannon,Valentinetti,rvalentinetti3o@senate.gov,Female
134,Ruthi,Carthew,rcarthew3p@lulu.com,Female
135,Penelopa,Inker,pinker3q@ft.com,Female
136,Vasili,Ionnisian,vionnisian3r@xrea.com,Male
137,Pooh,Larenson,plarenson3s@unc.edu,Male
138,Evangelina,Bice,ebice3t@bbc.co.uk,Female
139,Dulci,Maymand,dmaymand3u@altervista.org,Female
140,Gretna,Allpress,gallpress3v@adobe.com,Female
141,Nancy,Geany,ngeany3w@yandex.ru,Female
142,Felicio,Rennebach,frennebach3x@networkadvertising.org,Male
143,Dagny,Daventry,ddaventry3y@washington.edu,Male
144,Desiree,Putt,dputt3z@webs.com,Female
145,Elliot,Stockall,estockall40@berkeley.edu,Male
146,Sandy,Pakes,spakes41@businessweek.com,Female
147,Carrissa,Haselwood,chaselwood42@yellowbook.com,Female
148,Torin,Helian,thelian43@google.cn,Male
149,Humfrid,Shrieves,hshrieves44@dion.ne.jp,Male
150,Isobel,Coppens,icoppens45@acquirethisname.com,Female
151,Merell,McKevin,mmckevin46@omniture.com,Male
152,Robert,Winear,rwinear47@craigslist.org,Male
153,Francesco,Bartusek,fbartusek48@creativecommons.org,Male
154,Brenna,Fernley,bfernley49@pagesperso-orange.fr,Female
155,Redford,Wafer,rwafer4a@so-net.ne.jp,Male
156,Gabriele,Stanyard,gstanyard4b@umn.edu,Male
157,Henrie,Everard,heverard4c@networksolutions.com,Female
158,Hunfredo,Adamovicz,hadamovicz4d@smugmug.com,Male
159,Townie,O'Rowane,torowane4e@patch.com,Male
160,Herminia,Hanwright,hhanwright4f@nyu.edu,Female
161,Krystal,Joslow,kjoslow4g@utexas.edu,Female
162,Gipsy,Praundlin,gpraundlin4h@boston.com,Female
163,Nessi,Akitt,nakitt4i@cnbc.com,Female
164,Rudiger,Presshaugh,rpresshaugh4j@google.it,Male
165,Tobin,Ferrey,tferrey4k@baidu.com,Male
166,Giordano,Critzen,gcritzen4l@addthis.com,Male
167,Isacco,McGibbon,imcgibbon4m@hud.gov,Male
168,Pincus,De Mars,pdemars4n@wisc.edu,Male
169,Nappie,Akitt,nakitt4o@networkadvertising.org,Male
170,Cleopatra,Latore,clatore4p@sourceforge.net,Female
171,Rance,Hearon,rhearon4q@reddit.com,Male
172,Wright,Blewmen,wblewmen4r@dyndns.org,Male
173,Darlene,Klimt,dklimt4s@is.gd,Female
174,Kelcie,Tremeer,ktremeer4t@privacy.gov.au,Female
175,Lefty,Chason,lchason4u@themeforest.net,Male
176,Desi,Bennitt,dbennitt4v@illinois.edu,Male
177,Ardys,Spours,aspours4w@bbb.org,Female
178,Bronnie,Clapton,bclapton4x@nationalgeographic.com,Male
179,Eddi,Farady,efarady4y@cloudflare.com,Female
180,Sallee,Haslock,shaslock4z@reference.com,Female
181,Storm,Margeram,smargeram50@fotki.com,Female
182,Engracia,Van Cassel,evancassel51@engadget.com,Female
183,Dex,McQuillen,dmcquillen52@engadget.com,Male
184,Lesli,Baggelley,lbaggelley53@51.la,Female
185,Sibilla,Cardwell,scardwell54@networkadvertising.org,Female
186,Derril,Shipton,dshipton55@webmd.com,Genderqueer
187,Cam,Haukey,chaukey56@google.it,Male
188,Zed,Curness,zcurness57@adobe.com,Male
189,Mia,Dillingston,mdillingston58@a8.net,Female
190,Levi,Ciraldo,lciraldo59@wp.com,Male
191,Nancie,Mayo,nmayo5a@npr.org,Female
192,Kenton,Hicken,khicken5b@tuttocitta.it,Male
193,Damien,Pover,dpover5c@ox.ac.uk,Male
194,Darice,Kilshaw,dkilshaw5d@archive.org,Female
195,Irvin,Pagden,ipagden5e@amazon.co.uk,Male
196,Deane,Lemon,dlemon5f@ucsd.edu,Female
197,Maurise,Wauchope,mwauchope5g@goo.gl,Female
198,Ciro,Witherby,cwitherby5h@businessweek.com,Male
199,Margaret,Drepp,mdrepp5i@vistaprint.com,Female
200,Benito,Artois,bartois5j@devhub.com,Agender
201,Mack,Totterdell,mtotterdell5k@telegraph.co.uk,Male
202,Zaccaria,Brugemann,zbrugemann5l@multiply.com,Male
203,Gwenni,O'Carrol,gocarrol5m@sfgate.com,Female
204,Connie,Beauman,cbeauman5n@wikimedia.org,Male
205,Camille,Pudsey,cpudsey5o@amazon.co.jp,Genderqueer
206,Lorilee,Sunter,lsunter5p@ask.com,Female
207,Quillan,Dewis,qdewis5q@tuttocitta.it,Male
208,Alanah,Scurr,ascurr5r@theguardian.com,Female
209,Judie,Overell,joverell5s@dedecms.com,Female
210,Dulci,Coyett,dcoyett5t@behance.net,Female
211,Fayina,Joscelin,fjoscelin5u@tamu.edu,Female
212,Lauree,Moylane,lmoylane5v@aol.com,Female
213,Bing,Robson,brobson5w@seattletimes.com,Male
214,Tome,Artindale,tartindale5x@theatlantic.com,Male
215,Lothario,Monni,lmonni5y@intel.com,Male
216,Chelsy,Phillipson,cphillipson5z@nps.gov,Female
217,Florry,McConachie,fmcconachie60@cloudflare.com,Female
218,Jacqui,Habeshaw,jhabeshaw61@aboutads.info,Genderfluid
219,Marie,Gommowe,mgommowe62@imdb.com,Female
220,Findley,Vannozzii,fvannozzii63@youtu.be,Male
221,Timothea,Portchmouth,tportchmouth64@illinois.edu,Female
222,Carter,Kurton,ckurton65@google.ca,Male
223,Kincaid,Eckh,keckh66@goo.ne.jp,Male
224,Nye,Ramsell,nramsell67@rediff.com,Male
225,Vanni,Hynard,vhynard68@spiegel.de,Female
226,Lemuel,Castagnaro,lcastagnaro69@webeden.co.uk,Male
227,Morie,Leslie,mleslie6a@tmall.com,Male
228,Ringo,Bickerstasse,rbickerstasse6b@symantec.com,Male
229,Crystie,Diter,cditer6c@gnu.org,Polygender
230,Allys,Desmond,adesmond6d@cdbaby.com,Female
231,Silvain,Kuban,skuban6e@paypal.com,Male
232,Jorge,Pitkin,jpitkin6f@dion.ne.jp,Male
233,Joice,Zywicki,jzywicki6g@soundcloud.com,Female
234,Rudyard,Rayburn,rrayburn6h@parallels.com,Male
235,Kacie,Moneti,kmoneti6i@mlb.com,Female
236,Tobie,Boyat,tboyat6j@smugmug.com,Male
237,Toiboid,Nottram,tnottram6k@walmart.com,Male
238,Mira,McRuvie,mmcruvie6l@hud.gov,Female
239,Eleni,Rands,erands6m@wunderground.com,Polygender
240,Dorolice,Sanpere,dsanpere6n@amazonaws.com,Female
241,Rayner,Stovin,rstovin6o@nifty.com,Male
242,Nikolas,Skippon,nskippon6p@altervista.org,Male
243,Waring,Bottoms,wbottoms6q@ocn.ne.jp,Male
244,Peder,Moxom,pmoxom6r@jugem.jp,Male
245,Nikolaos,Lurcock,nlurcock6s@woothemes.com,Agender
246,Milicent,Burde,mburde6t@netscape.com,Agender
247,Mimi,Syms,msyms6u@technorati.com,Female
248,Merill,MacDougal,mmacdougal6v@skype.com,Male
249,Chere,Deddum,cdeddum6w@indiegogo.com,Female
250,Dodi,Gurry,dgurry6x@seattletimes.com,Female
251,Haley,Mathelin,hmathelin6y@npr.org,Female
252,Ikey,Rossant,irossant6z@uol.com.br,Male
253,Aileen,Donati,adonati70@army.mil,Female
254,Germain,Koppeck,gkoppeck71@issuu.com,Female
255,Patin,Sever,psever72@slideshare.net,Male
256,Lombard,Godfroy,lgodfroy73@hud.gov,Male
257,Sax,Morville,smorville74@soup.io,Male
258,Jaime,Bezant,jbezant75@sun.com,Non-binary
259,Tierney,Klesl,tklesl76@mac.com,Female
260,Pet,Colqueran,pcolqueran77@technorati.com,Female
261,Leonid,Kirmond,lkirmond78@sciencedaily.com,Male
262,Dominick,Glendinning,dglendinning79@europa.eu,Male
263,Ashla,Wiffler,awiffler7a@netvibes.com,Genderfluid
264,Kristian,Rowswell,krowswell7b@bravesites.com,Male
265,Myrwyn,Kingscote,mkingscote7c@so-net.ne.jp,Male
266,Celestyn,Shade,cshade7d@boston.com,Female
267,Brianne,Kirkhouse,bkirkhouse7e@theguardian.com,Female
268,Rubie,Pallesen,rpallesen7f@cdbaby.com,Female
269,Charlean,Lees,clees7g@goo.gl,Female
270,Davy,Crutchfield,dcrutchfield7h@theglobeandmail.com,Male
271,Giles,Cobley,gcobley7i@patch.com,Male
272,Welsh,Sherringham,wsherringham7j@princeton.edu,Male
273,Wilona,Duigan,wduigan7k@webeden.co.uk,Female
274,Berte,Kellogg,bkellogg7l@mapquest.com,Bigender
275,Melodee,Matteoni,mmatteoni7m@themeforest.net,Female
276,Cecile,Wiseman,cwiseman7n@paypal.com,Female
277,Lurette,Robiou,lrobiou7o@time.com,Female
278,Leonore,Ready,lready7p@netscape.com,Female
279,Sharai,Schottli,sschottli7q@123-reg.co.uk,Polygender
280,Devi,Spieght,dspieght7r@nba.com,Female
281,Bette-ann,Scripture,bscripture7s@intel.com,Female
282,Oberon,Metschke,ometschke7t@illinois.edu,Male
283,Sada,Pavlenkov,spavlenkov7u@columbia.edu,Bigender
284,Marlane,O'Lunney,molunney7v@g.co,Female
285,Elsey,Bentson,ebentson7w@smh.com.au,Female
286,Roxine,Beeson,rbeeson7x@yellowpages.com,Female
287,Ina,Fidian,ifidian7y@ebay.com,Female
288,Larina,Shippam,lshippam7z@merriam-webster.com,Female
289,Ariana,Ronaghan,aronaghan80@g.co,Female
290,Esme,Bowgen,ebowgen81@ebay.com,Male
291,Shandeigh,Colerick,scolerick82@mit.edu,Female
292,Alice,Rowena,arowena83@nifty.com,Female
293,Abbe,Abbs,aabbs84@ehow.com,Agender
294,Goldia,Meadway,gmeadway85@flickr.com,Female
295,Barbabas,Pawel,bpawel86@google.nl,Male
296,Luz,Cork,lcork87@amazonaws.com,Female
297,Raddy,Chastanet,rchastanet88@paginegialle.it,Male
298,Theodosia,Doxsey,tdoxsey89@webs.com,Female
299,Pierre,Pointin,ppointin8a@woothemes.com,Male
300,Susi,Scamal,sscamal8b@cargocollective.com,Female
301,Nata,Bethel,nbethel8c@theatlantic.com,Female
302,Genovera,Huckin,ghuckin8d@dropbox.com,Female
303,Cece,Taylorson,ctaylorson8e@dailymotion.com,Male
304,Elaine,Cometson,ecometson8f@prnewswire.com,Female
305,Natividad,Quig,nquig8g@ehow.com,Female
306,Donielle,Jephson,djephson8h@cafepress.com,Polygender
307,Trumaine,Wolffers,twolffers8i@comsenz.com,Male
308,Lucita,Orringe,lorringe8j@mayoclinic.com,Female
309,Henri,Salasar,hsalasar8k@narod.ru,Male
310,Donica,Giller,dgiller8l@ftc.gov,Female
311,Corilla,Bodman,cbodman8m@ibm.com,Female
312,Mag,Bedminster,mbedminster8n@cam.ac.uk,Female
313,Timofei,Lydall,tlydall8o@ask.com,Non-binary
314,Teresina,Garnall,tgarnall8p@sitemeter.com,Female
315,Mic,Bubeer,mbubeer8q@xinhuanet.com,Male
316,Donella,St. Louis,dstlouis8r@infoseek.co.jp,Female
317,Erhart,Iglesias,eiglesias8s@lycos.com,Male
318,Xylia,Smallshaw,xsmallshaw8t@odnoklassniki.ru,Genderqueer
319,Alejandra,Wallach,awallach8u@jugem.jp,Female
320,Manny,Doggrell,mdoggrell8v@howstuffworks.com,Male
321,Chrissie,Labin,clabin8w@posterous.com,Male
322,Breanne,Lambertson,blambertson8x@about.me,Female
323,Wes,Putten,wputten8y@economist.com,Male
324,Addia,Beardsworth,abeardsworth8z@msu.edu,Female
325,Saxe,Hughf,shughf90@smh.com.au,Male
326,Rafaello,Favey,rfavey91@answers.com,Male
327,Benji,Weild,bweild92@ovh.net,Male
328,Aubrie,Stollberger,astollberger93@telegraph.co.uk,Female
329,Fernando,Hodge,fhodge94@google.nl,Male
330,Rickie,Ayrton,rayrton95@artisteer.com,Non-binary
331,Sly,Brizland,sbrizland96@myspace.com,Bigender
332,Dina,O'dell,dodell97@usnews.com,Female
333,Maryrose,Broadberrie,mbroadberrie98@parallels.com,Female
334,Nolana,Kording,nkording99@devhub.com,Female
335,Bobby,Ondrusek,bondrusek9a@ebay.co.uk,Male
336,Madelyn,Antonat,mantonat9b@amazon.co.uk,Female
337,Matthew,Hembling,mhembling9c@addtoany.com,Male
338,Corissa,Heardman,cheardman9d@networksolutions.com,Female
339,Ag,Emanulsson,aemanulsson9e@thetimes.co.uk,Female
340,Faustina,Martinovic,fmartinovic9f@ifeng.com,Female
341,Northrup,Clerk,nclerk9g@slideshare.net,Male
342,Orsola,Pyecroft,opyecroft9h@buzzfeed.com,Female
343,Brier,Najafian,bnajafian9i@topsy.com,Female
344,Lorant,Wickett,lwickett9j@desdev.cn,Male
345,Marni,Beretta,mberetta9k@ovh.net,Female
346,Arv,Gripton,agripton9l@ovh.net,Male
347,Elise,Slyme,eslyme9m@goo.gl,Female
348,Stacia,Tadgell,stadgell9n@google.co.jp,Female
349,Rosa,Burdus,rburdus9o@yellowbook.com,Female
350,Arly,Grain,agrain9p@domainmarket.com,Female
351,Millie,Guild,mguild9q@gnu.org,Female
352,Austin,Acres,aacres9r@newsvine.com,Female
353,Jaymie,Demare,jdemare9s@slideshare.net,Male
354,Jobey,Jenkin,jjenkin9t@ftc.gov,Female
355,Kermit,Goodlet,kgoodlet9u@chicagotribune.com,Agender
356,Rawley,MacGorrie,rmacgorrie9v@wired.com,Male
357,Berte,Stather,bstather9w@unesco.org,Genderfluid
358,Jon,Kinzett,jkinzett9x@earthlink.net,Male
359,Wanids,Lydden,wlydden9y@woothemes.com,Female
360,Jandy,Emblow,jemblow9z@fema.gov,Female
361,Hamnet,Brise,hbrisea0@acquirethisname.com,Male
362,Horatius,Pirazzi,hpirazzia1@networkadvertising.org,Male
363,Edee,McKniely,emcknielya2@ow.ly,Female
364,Kendrick,O'Loghlen,kologhlena3@instagram.com,Male
365,Johnnie,Matson,jmatsona4@usda.gov,Male
366,Betteann,Blant,bblanta5@1und1.de,Female
367,Sascha,Gorusso,sgorussoa6@wired.com,Male
368,Nicola,Bearne,nbearnea7@parallels.com,Genderfluid
369,Orrin,Pigden,opigdena8@a8.net,Male
370,Verney,Paquet,vpaqueta9@reference.com,Male
371,Pablo,Gear,pgearaa@biglobe.ne.jp,Male
372,Bernardo,Godridge,bgodridgeab@about.me,Male
373,Britt,Treadgall,btreadgallac@sfgate.com,Female
374,Giralda,Dunsleve,gdunslevead@umn.edu,Female
375,Marianna,Pannaman,mpannamanae@yandex.ru,Bigender
376,Inigo,Greeno,igreenoaf@illinois.edu,Male
377,Winny,Jeffrey,wjeffreyag@facebook.com,Male
378,Linn,Notley,lnotleyah@japanpost.jp,Female
379,Lanny,Janatka,ljanatkaai@soup.io,Male
380,Jerrilyn,Paik,jpaikaj@studiopress.com,Female
381,Elias,Olek,eolekak@deliciousdays.com,Male
382,Clemmie,Pilger,cpilgeral@google.com.hk,Female
383,Emmerich,Romme,erommeam@prweb.com,Male
384,Hersch,Baggott,hbaggottan@domainmarket.com,Male
385,Sharia,MacCafferky,smaccafferkyao@weebly.com,Female
386,Marietta,Gibberd,mgibberdap@china.com.cn,Female
387,Billie,Glanders,bglandersaq@deviantart.com,Male
388,Willa,Scad,wscadar@shareasale.com,Female
389,Marcile,Phear,mphearas@de.vu,Female
390,Naomi,Bacop,nbacopat@domainmarket.com,Female
391,Armando,Linger,alingerau@timesonline.co.uk,Male
392,Faye,Davydochkin,fdavydochkinav@ft.com,Female
393,Verge,Petrolli,vpetrolliaw@123-reg.co.uk,Male
394,Shepherd,Mordon,smordonax@edublogs.org,Male
395,Aguste,Warstall,awarstallay@mediafire.com,Genderqueer
396,Angelika,Layton,alaytonaz@salon.com,Female
397,Willow,McEnteggart,wmcenteggartb0@ameblo.jp,Female
398,Elyssa,Baldazzi,ebaldazzib1@unicef.org,Female
399,Christel,Drummond,cdrummondb2@deliciousdays.com,Female
400,Jennilee,Goodridge,jgoodridgeb3@blogger.com,Female
401,Tabb,Korb,tkorbb4@ifeng.com,Male
402,Suzie,Lorant,slorantb5@tumblr.com,Female
403,Bronny,Baelde,bbaeldeb6@gov.uk,Male
404,Mandie,Kunc,mkuncb7@illinois.edu,Female
405,Goldy,Degoe,gdegoeb8@360.cn,Female
406,Donica,Wykey,dwykeyb9@friendfeed.com,Female
407,Gnni,Garrioch,ggarriochba@home.pl,Female
408,Bink,Eadington,beadingtonbb@msu.edu,Male
409,Glenn,Rapaport,grapaportbc@nyu.edu,Female
410,Ertha,Channing,echanningbd@ifeng.com,Female
411,Cassandre,Sudlow,csudlowbe@shop-pro.jp,Female
412,Nicoline,Vedenisov,nvedenisovbf@cbc.ca,Female
413,Kenna,Mariel,kmarielbg@gov.uk,Female
414,Robinet,Thurnham,rthurnhambh@google.com.br,Female
415,Issi,Doctor,idoctorbi@oakley.com,Genderqueer
416,Tina,Bartczak,tbartczakbj@sfgate.com,Female
417,Conway,Westwell,cwestwellbk@barnesandnoble.com,Male
418,Andrus,Tomaello,atomaellobl@latimes.com,Male
419,Sharla,Wilprecht,swilprechtbm@bandcamp.com,Female
420,Mose,Walch,mwalchbn@dropbox.com,Male
421,Kissee,Cominetti,kcominettibo@weebly.com,Female
422,Lamond,Topliss,ltoplissbp@sohu.com,Male
423,Tani,Castellone,tcastellonebq@timesonline.co.uk,Female
424,Debor,Van Daalen,dvandaalenbr@sbwire.com,Female
425,Ronalda,Moiser,rmoiserbs@odnoklassniki.ru,Female
426,Kathrine,Ubsdale,kubsdalebt@java.com,Female
427,Talya,Curran,tcurranbu@theguardian.com,Genderqueer
428,Morissa,Spiniello,mspiniellobv@foxnews.com,Female
429,Meredithe,Haugeh,mhaugehbw@rakuten.co.jp,Female
430,Phil,Matveichev,pmatveichevbx@ifeng.com,Male
431,Libbey,Fewless,lfewlessby@slideshare.net,Female
432,Cathi,Humbert,chumbertbz@ehow.com,Female
433,Grant,Liverseege,gliverseegec0@java.com,Male
434,Evelin,Amerighi,eamerighic1@1688.com,Male
435,Nickey,Berryman,nberrymanc2@miitbeian.gov.cn,Male
436,Morry,Habercham,mhaberchamc3@discovery.com,Male
437,Kalil,Palmer,kpalmerc4@microsoft.com,Male
438,Henka,Maccaig,hmaccaigc5@noaa.gov,Bigender
439,Gregorius,Jakubovski,gjakubovskic6@latimes.com,Male
440,Pammi,Signorelli,psignorellic7@storify.com,Female
441,Crystie,Cane,ccanec8@indiegogo.com,Female
442,Brigg,Reade,breadec9@vimeo.com,Male
443,Portie,Farquar,pfarquarca@oaic.gov.au,Male
444,Derby,State,dstatecb@tripod.com,Male
445,Vince,Grigs,vgrigscc@hubpages.com,Male
446,Amargo,Pryell,apryellcd@sun.com,Female
447,Corrine,Chantree,cchantreece@infoseek.co.jp,Female
448,Juliane,Haddeston,jhaddestoncf@twitpic.com,Non-binary
449,Johny,Lawerence,jlawerencecg@goo.ne.jp,Male
450,Giavani,Learie,gleariech@sohu.com,Male
451,Granger,Kestle,gkestleci@joomla.org,Male
452,Augusta,Digance,adigancecj@paypal.com,Female
453,Godfree,Stainton - Skinn,gstaintonskinnck@virginia.edu,Male
454,Zolly,Firmager,zfirmagercl@boston.com,Male
455,Dukey,Bowmen,dbowmencm@utexas.edu,Male
456,Pat,Attride,pattridecn@yelp.com,Male
457,Ced,Knewstub,cknewstubco@ucla.edu,Male
458,Tybalt,Banister,tbanistercp@weather.com,Male
459,Gwendolen,Buttrick,gbuttrickcq@pbs.org,Female
460,Moore,Traill,mtraillcr@domainmarket.com,Male
461,Laryssa,Vest,lvestcs@cnbc.com,Female
462,Donnie,Knolles-Green,dknollesgreenct@boston.com,Male
463,Elihu,MacDunlevy,emacdunlevycu@marketwatch.com,Male
464,Gav,Hanmore,ghanmorecv@wordpress.org,Male
465,Shadow,Micka,smickacw@sun.com,Male
466,Dolores,Shuttle,dshuttlecx@amazon.de,Female
467,Jobie,Blanckley,jblanckleycy@moonfruit.com,Female
468,Salome,Buckles,sbucklescz@cocolog-nifty.com,Female
469,Rachele,Braunroth,rbraunrothd0@pbs.org,Female
470,Ceciley,Satyford,csatyfordd1@dailymail.co.uk,Female
471,Gaultiero,Kebbell,gkebbelld2@ihg.com,Genderfluid
472,Walt,Mowbury,wmowburyd3@stanford.edu,Male
473,Huntley,Sammons,hsammonsd4@statcounter.com,Male
474,Moore,Tierney,mtierneyd5@hc360.com,Male
475,Joice,Joynt,jjoyntd6@cbc.ca,Female
476,Rickard,Criag,rcriagd7@archive.org,Male
477,Dillon,Gerleit,dgerleitd8@ucla.edu,Male
478,Josi,Barock,jbarockd9@dyndns.org,Agender
479,Kelvin,MacGuigan,kmacguiganda@nhs.uk,Male
480,Noemi,Fittis,nfittisdb@scientificamerican.com,Agender
481,Reade,Oldershaw,roldershawdc@youtu.be,Male
482,Alvin,O' Clovan,aoclovandd@bloglines.com,Male
483,Theobald,Joselson,tjoselsonde@mlb.com,Male
484,Basil,Rowler,browlerdf@gov.uk,Male
485,Aldus,Kantor,akantordg@engadget.com,Male
486,Esme,Lissenden,elissendendh@apache.org,Male
487,Loni,Saben,lsabendi@ning.com,Female
488,Agustin,Affron,aaffrondj@acquirethisname.com,Male
489,Berny,Stitcher,bstitcherdk@state.gov,Female
490,Cecilius,Bruckshaw,cbruckshawdl@theglobeandmail.com,Male
491,Abbie,Bourbon,abourbondm@sfgate.com,Female
492,Harriott,Lenaghen,hlenaghendn@hud.gov,Female
493,Jasper,Bodycomb,jbodycombdo@ca.gov,Genderqueer
494,Ethelin,Beevor,ebeevordp@shinystat.com,Female
495,Joey,Tibbles,jtibblesdq@buzzfeed.com,Male
496,Yolande,Minors,yminorsdr@digg.com,Female
497,Vinnie,Benninck,vbenninckds@webnode.com,Female
498,Karon,Vanichkov,kvanichkovdt@macromedia.com,Female
499,Dallis,Riggulsford,driggulsforddu@t-online.de,Male
500,Padget,Meace,pmeacedv@reddit.com,Male
